link,title
/see/eng/6046949918.html,Technical Product Manager
/see/eng/6045610597.html,Bi-Lingual Mechanical Engineer (Mandarin or Cantonese) - Beer Industry
/see/eng/6044329840.html,"Cloud Service Developer - AWS, Node.js"
/see/eng/6044328443.html,"Full Stack Developer - Ruby/Rails, JavaScript"
/sno/eng/6042777523.html,Internet Business Development Representative
/see/eng/6042200851.html,Search Engine Evaluator
/oly/eng/6035684643.html,Web Developer (Full Stack)
/est/eng/6032686850.html,Senior JavaScript Web Developer
/see/eng/6030795477.html,Funded Start-up Looking for Full Stack Engineer
/see/eng/6027828266.html,Linux Systems Administration Manager
/tac/eng/6025196911.html,OSP Utility Damage Field Investigator
/see/eng/6023692589.html,"Senior Web Developer 5+ Yrs experience, Node.js, React/Angular"
/see/eng/6022513982.html,Field Deployment Technician
/see/eng/6018188829.html,Linux Systems Administration Manager
/oly/eng/6016910482.html,Software Engineer
/see/eng/6016827763.html,Bitcoin Startup seeking Software Engineer III
/see/eng/6016818553.html,Bitcoin Startup seeking DevOps Engineer
/see/eng/6015498639.html,Backend Software Engineer -- Dynamic Pricing
/see/eng/6014797471.html,Senior Program Manager
/see/eng/6013605754.html,Senior Mobile Engineer
/see/eng/6013485411.html,Junior Business Analyst / Program Manager
/see/eng/6008286728.html,IT Infrastructure Analyst
/see/eng/6007895890.html,Linux Systems Administration Manager
/see/eng/6004745823.html,Project Manager (Scrum Master)
/see/eng/6004755207.html,Lead Java Developer
/see/eng/6004762174.html,Lead DevOps Engineer
/see/eng/6004765309.html,Java Developer
/see/eng/6004737921.html,Release Manager
/see/eng/6004773529.html,DevOps Engineer
//skagit.craigslist.org/eng/6013779707.html,"**Marine Electricians Needed - Freeland, WA**"
//victoria.craigslist.ca/eng/6032707535.html,Email Marketing Manager -  Fast Growing Tech Company
//victoria.craigslist.ca/eng/6018397675.html,Mechanical Engineering - Design
